platform,runner_type,runner_image,os_version,architecture,capability,problem_id,test_name,evidence_type,expected,observed,status,mutation_count,verification_status,rescan_status
Windows,NATIVE_WINDOWS,Local Windows 11 (10.0.26200),10.0.26200,AMD64,Detection,PROB-001,host_platform_and_machine_signals_detection,NATIVE_WINDOWS,Platform adapter resolved and machine state telemetry collected,"OS=Windows, Arch=AMD64, Adapter=WindowsPlatformAdapter, CPU=3.7%, RAM=55.3%, Reboot=True",PASS,0,VERIFIED,COMPLETED
Windows,NATIVE_WINDOWS,Local Windows 11 (10.0.26200),10.0.26200,AMD64,Version probing,PROB-002,toolchain_version_probing,NATIVE_WINDOWS,Toolchain executable versions parsed without hallucination,"python: 3.13.7, node: v24.19.0, cargo: cargo 1.98.1 (797e8a9bc 2026-08-05), rustc: rustc 1.98.1 (48a229cea 2026-09-01)",PASS,0,VERIFIED,COMPLETED
Windows,NATIVE_WINDOWS,Local Windows 11 (10.0.26200),10.0.26200,AMD64,Provider selection,PROB-056,windows_winget_provider_selection,NATIVE_WINDOWS,Resolved Windows package manager adapters,WinGet available=True,PASS,0,VERIFIED,COMPLETED
Windows,NATIVE_WINDOWS,Local Windows 11 (10.0.26200),10.0.26200,AMD64,Provider selection,PROB-054,linux_multi_distribution_provider_contracts,CONTRACT_VALIDATED,"All 5 Linux providers implement refresh, install, update, and uninstall commands","apt:OK, dnf:OK, pacman:OK, zypper:OK, apk:OK",PASS,0,VERIFIED,COMPLETED
Windows,NATIVE_WINDOWS,Local Windows 11 (10.0.26200),10.0.26200,AMD64,Installation,PROB-010,contract_validated_installation_dispatch,CONTRACT_VALIDATED,Package manager build_install_command enforces flags and parameters,"APT, DNF, Pacman, Zypper, APK, WinGet, Homebrew installation contracts verified",PASS,0,VERIFIED,COMPLETED
Windows,NATIVE_WINDOWS,Local Windows 11 (10.0.26200),10.0.26200,AMD64,Update,PROB-054,contract_validated_package_update,CONTRACT_VALIDATED,build_update_command generates proper upgrade syntax without breaking OS,Apt update command: apt-get install --only-upgrade -y curl,PASS,0,VERIFIED,COMPLETED
Windows,NATIVE_WINDOWS,Local Windows 11 (10.0.26200),10.0.26200,AMD64,Uninstall,PROB-056,unmanaged_redundant_source_deletion_blocked,NATIVE_WINDOWS,External unmanaged redundant source routes to REVIEW_REQUIRED with 0 deletions,"Blocked=True, status=REVIEW_REQUIRED, reason=Cannot automatically remove redundant installation(s) for 'git': [standalone_path at C:\Users\user\bin\git.exe] are not managed by PC Doctor (Ownership: ['EXTERNAL']). Automated deletion of user-installed or unmanaged binaries is forbidden. Manual review required.",PASS,0,VERIFIED,COMPLETED
Windows,NATIVE_WINDOWS,Local Windows 11 (10.0.26200),10.0.26200,AMD64,Verification,PROB-001,live_normal_verification_pipeline,NATIVE_WINDOWS,Command succeeds -> verification succeeds -> VERIFIED,"Status=VERIFIED, verification_status=VERIFIED",PASS,0,VERIFIED,COMPLETED
Windows,NATIVE_WINDOWS,Local Windows 11 (10.0.26200),10.0.26200,AMD64,Verification,PROB-001,phase15_2_verification_precedence_regression,NATIVE_WINDOWS,"Command exits 0 + verification fails -> VERIFICATION_FAILED, success=False","Status=VERIFICATION_FAILED, success=False, verif_status=VERIFICATION_FAILED",PASS,1,VERIFICATION_FAILED,COMPLETED
Windows,NATIVE_WINDOWS,Local Windows 11 (10.0.26200),10.0.26200,AMD64,Verification,PROB-001,verification_retry_without_repeat_mutation,CONTRACT_VALIDATED,Verification failure or timeout retries probe without repeating execution mutation,Single mutation count preserved across verification retry attempts,PASS,1,VERIFICATION_FAILED,COMPLETED
Windows,NATIVE_WINDOWS,Local Windows 11 (10.0.26200),10.0.26200,AMD64,Rescan,PROB-001,machine_state_post_execution_rescan,NATIVE_WINDOWS,Post-repair machine state rescan completes without error,Rescan completed: free_disk_gb=321.76,PASS,0,VERIFIED,COMPLETED
Windows,NATIVE_WINDOWS,Local Windows 11 (10.0.26200),10.0.26200,AMD64,Safety Gate,PROB-000,dangerous_and_wrong_os_commands_blocked,NATIVE_WINDOWS,Blocked commands -> 0 mutating subprocesses spawned,"All dangerous blocked=True, Wrong-OS blocked=True",PASS,0,VERIFIED,COMPLETED
Windows,NATIVE_WINDOWS,Local Windows 11 (10.0.26200),10.0.26200,AMD64,Centralized mutation,PROB-000,single_mutation_authority_audit,NATIVE_WINDOWS,CentralizedExecutionEngine is the sole mutation authority across all platforms,All recipes dispatched through CentralizedExecutionEngine; 0 direct mutation subprocesses,PASS,0,VERIFIED,COMPLETED
Windows,NATIVE_WINDOWS,Local Windows 11 (10.0.26200),10.0.26200,AMD64,Multiple sources,PROB-056,multi_source_detection_and_path_resolution,NATIVE_WINDOWS,Detects active installation and flags multi-source conflicts,"Installations detected=1, conflict=False, active=C:\Program Files\Git\cmd\git.EXE",PASS,0,VERIFIED,COMPLETED
Windows,NATIVE_WINDOWS,Local Windows 11 (10.0.26200),10.0.26200,AMD64,#54,PROB-054,linux_repository_outdated_contract_suite,CONTRACT_VALIDATED,Contract test suite verifies multi-step execution plan for outdated repos,"APT, DNF, Pacman, Zypper, APK providers verified via contract tests",PASS,0,VERIFIED,COMPLETED
Windows,NATIVE_WINDOWS,Local Windows 11 (10.0.26200),10.0.26200,AMD64,#56,PROB-056,multi_source_target_first_migration_contract,NATIVE_WINDOWS,Multi-source remediation verifies target installation before touching redundant source,Target verification invariant enforced; unmanaged sources route to REVIEW_REQUIRED,PASS,0,VERIFIED,COMPLETED
Windows,NATIVE_WINDOWS,Local Windows 11 (10.0.26200),10.0.26200,AMD64,Tauri build,PROB-075,tauri_desktop_build_and_packaging_check,STATIC_ANALYSIS_ONLY,Frontend assets and Tauri packaging configuration verified,"Frontend built=True, Tauri config validated; local cargo check restricted by AppLocker/WDAC (os error 4551)",PASS,0,VERIFIED,COMPLETED
